Board,Nodes Expanded,Actions,Score,Branching Factor
board1,55384,786,-1134.0,1.0139927272975366
board2,53785,788,-1124.0,1.0139192700570296
board3,49060,782,-1112.0,1.0139075868972225
board4,51196,775,-1108.0,1.014089844611662
board5,60248,783,-1129.0,1.0141557378935804
board6,53915,768,-1132.0,1.014287516146728
board7,56373,793,-1129.0,1.013890987178884
board8,55783,783,-1132.0,1.014056010730622
board9,55281,795,-1131.0,1.0138308545969403
board10,56372,755,-1069.0,1.0145951904267159
