Board,Nodes Expanded,Actions,Score,Branching Factor
board1,196091,762,-1214.0,1.016121129965578
board2,178867,750,-1226.0,1.0162565871939273
board3,233064,764,-1223.0,1.016308343758138
board4,338037,747,-1205.0,1.0171887740619872
board5,366495,760,-1224.0,1.0170004431808222
board6,89324,768,-1191.0,1.014954499273722
board7,75955,767,-1223.0,1.0147596184486667
board8,431975,755,-1244.0,1.0173354627366253
board9,271938,738,-1223.0,1.0171002951779702
board10,154758,724,-1156.0,1.016641957013956
