Board,Nodes Expanded,Actions,Score,Branching Factor
board1,84258,780,-1134.0,1.0146467907911472
board2,84269,779,-1124.0,1.0146659000725753
board3,84255,772,-1112.0,1.014799641880885
board4,84257,765,-1108.0,1.014936101290775
board5,84266,781,-1126.0,1.0146280237398952
board6,84221,760,-1132.0,1.0150345293916057
board7,84241,787,-1125.0,1.014515313308942
board8,84214,783,-1116.0,1.0145895885746974
board9,84254,798,-1130.0,1.0143139985090879
board10,84230,753,-1064.0,1.015175491851807
